                  epoch,         train/box_loss,         train/seg_loss,         train/obj_loss,         train/cls_loss,   metrics/precision(B),      metrics/recall(B),     metrics/mAP_0.5(B),metrics/mAP_0.5:0.95(B),   metrics/precision(M),      metrics/recall(M),     metrics/mAP_0.5(M),metrics/mAP_0.5:0.95(M),           val/box_loss,           val/seg_loss,           val/obj_loss,           val/cls_loss,                  x/lr0,                  x/lr1,                  x/lr2
                      0,                0.10763,               0.092632,                0.10264,               0.038934,                0.74752,                0.22892,                0.09984,               0.027669,                0.79641,                0.24749,                0.16281,               0.099439,               0.082601,               0.018692,               0.051814,               0.032343,               0.070638,              0.0032624,              0.0032624
                      1,               0.087763,               0.020432,               0.064006,               0.027937,                 0.4263,                 0.4398,                0.30455,               0.086954,                0.36226,                 0.4637,                0.44926,                0.32269,               0.078635,               0.016873,               0.036117,               0.023966,               0.040606,              0.0065631,              0.0065631
                      2,               0.088136,               0.018164,               0.053817,               0.022101,                0.20033,                0.58728,                0.28431,               0.085907,                0.61529,                0.44752,                0.46035,                 0.2669,                0.09167,               0.018766,               0.032481,               0.019838,                0.01054,              0.0098308,              0.0098308
                      3,               0.084274,               0.017462,               0.050823,               0.020072,                0.45326,                0.66061,                0.51368,                0.20373,                0.53547,                0.69189,                 0.5994,                 0.4288,               0.074594,                0.01513,               0.031461,               0.018473,              0.0098515,              0.0098515,              0.0098515
                      4,               0.070818,               0.014569,               0.048781,               0.017009,                0.46804,                 0.5842,                0.46204,                0.14904,                0.69231,                0.53431,                 0.6193,                0.44753,               0.073883,               0.012909,                0.03466,               0.012378,              0.0098515,              0.0098515,              0.0098515
                      5,                0.06398,               0.013737,               0.048806,                0.01377,                0.74248,                0.62067,                0.71941,                0.30044,                0.76074,                0.61729,                0.71658,                 0.5611,               0.053757,               0.014471,               0.032757,               0.011137,               0.009802,               0.009802,               0.009802
                      6,               0.054417,               0.014437,               0.045822,               0.011764,                0.60792,                0.67973,                0.65814,                0.30591,                0.70451,                0.68425,                0.72618,                  0.579,               0.050133,                0.01091,               0.033521,              0.0089216,              0.0097525,              0.0097525,              0.0097525
                      7,                 0.0544,               0.013545,               0.044915,              0.0096194,                0.79186,                0.74689,                0.82755,                  0.378,                0.81539,                0.73908,                0.83171,                 0.6669,                0.04492,               0.010698,               0.027811,              0.0072915,               0.009703,               0.009703,               0.009703
                      8,               0.050471,               0.014856,               0.042995,              0.0091095,                  0.543,                0.66957,                0.61581,                0.31711,                0.49246,                0.63247,                0.56671,                0.38827,               0.051536,               0.019931,                0.03786,              0.0087294,              0.0096535,              0.0096535,              0.0096535
                      9,               0.047974,                0.01373,               0.045063,              0.0073688,                0.49086,                0.79654,                0.74573,                0.34194,                0.42516,                0.78103,                0.66909,                0.42719,               0.051399,               0.014417,               0.034437,              0.0068584,               0.009604,               0.009604,               0.009604
                     10,               0.042454,               0.012711,               0.044828,              0.0064319,                0.76512,                0.79874,                0.89572,                0.49514,                0.78143,                0.75758,                0.86095,                0.64362,               0.038263,               0.010332,               0.028581,              0.0070485,              0.0095545,              0.0095545,              0.0095545
                     11,               0.041386,               0.013158,               0.039728,              0.0066487,                0.60647,                0.73498,                0.69524,                0.40045,                0.58482,                0.70058,                0.64562,                0.46054,               0.041708,                0.01798,               0.035724,                0.01235,               0.009505,               0.009505,               0.009505
                     12,               0.040844,               0.013211,               0.039361,              0.0057317,                 0.8216,                0.73136,                 0.8464,                 0.3933,                0.78766,                0.68539,                0.78518,                0.47051,               0.044513,               0.014023,               0.030668,              0.0064307,              0.0094555,              0.0094555,              0.0094555
                     13,               0.041324,               0.013477,               0.039953,              0.0052456,                 0.7613,                0.77892,                0.83953,                0.56982,                0.73834,                0.76131,                 0.8024,                 0.6016,                0.03488,               0.016086,               0.030913,              0.0054998,               0.009406,               0.009406,               0.009406
                     14,               0.038068,               0.013222,               0.038257,              0.0051243,                0.81603,                 0.8311,                 0.8802,                0.46238,                0.76984,                0.79108,                0.81443,                0.53947,               0.039763,               0.013009,               0.029951,              0.0063905,              0.0093565,              0.0093565,              0.0093565
                     15,               0.038098,               0.012846,               0.037542,              0.0058433,                0.90093,                0.84575,                0.92037,                0.59141,                0.88531,                0.83508,                0.88372,                0.62915,               0.036052,               0.010596,               0.028504,              0.0045148,               0.009307,               0.009307,               0.009307
                     16,                0.03692,               0.013148,                  0.038,                0.00469,                0.80485,                0.89465,                0.92643,                0.55729,                 0.8191,                0.88611,                0.91753,                0.72646,               0.033068,               0.010573,                0.02546,              0.0031557,              0.0092575,              0.0092575,              0.0092575
                     17,               0.036268,               0.012834,               0.038561,              0.0038672,                0.87111,                0.90356,                0.92709,                0.57812,                 0.8515,                 0.8829,                 0.9011,                0.62001,               0.034523,               0.011143,               0.028165,              0.0037605,               0.009208,               0.009208,               0.009208
                     18,                0.03118,               0.013117,               0.040415,              0.0038201,                0.90102,                 0.9051,                0.93237,                0.60108,                0.89176,                0.86943,                0.90624,                 0.6356,               0.028028,               0.010823,               0.028267,              0.0030788,              0.0091585,              0.0091585,              0.0091585
                     19,               0.035075,                0.01228,               0.035922,              0.0033624,                0.88658,                0.89391,                0.92685,                0.53006,                0.82426,                0.87187,                0.85102,                0.58047,               0.034734,               0.010251,               0.025553,              0.0029252,               0.009109,               0.009109,               0.009109
                     20,               0.034477,                0.01227,               0.036556,              0.0030141,                0.84978,                0.90272,                0.94775,                0.63155,                0.84083,                0.88477,                0.92346,                0.64892,               0.036344,               0.010198,               0.026018,              0.0033281,              0.0090595,              0.0090595,              0.0090595
                     21,               0.031649,               0.012518,               0.037014,              0.0035992,                0.87476,                0.85568,                0.96291,                0.61559,                0.84132,                0.82967,                0.91058,                0.66917,               0.030075,              0.0095566,               0.023614,              0.0031376,                0.00901,                0.00901,                0.00901
                     22,                 0.0329,               0.012048,               0.034165,              0.0032884,                0.93064,                0.93018,                0.96809,                0.61868,                0.89715,                0.90078,                0.91465,                0.62297,               0.032558,               0.009879,               0.024527,              0.0028181,              0.0089605,              0.0089605,              0.0089605
                     23,               0.031848,               0.011529,               0.035932,              0.0029228,                0.93483,                0.91285,                0.96495,                 0.6854,                0.91683,                0.88655,                0.93075,                0.67922,               0.026282,              0.0098452,               0.023407,              0.0039876,               0.008911,               0.008911,               0.008911
                     24,               0.030857,                0.01218,               0.035769,               0.003128,                0.89215,                0.92666,                 0.9684,                0.60642,                0.87587,                0.91074,                0.94348,                0.73244,               0.030674,                0.01026,               0.024657,               0.002762,              0.0088615,              0.0088615,              0.0088615
                     25,               0.029643,               0.011882,               0.034313,              0.0032477,                 0.9225,                0.88307,                0.94347,                0.69854,                0.92146,                0.86565,                0.92746,                0.70124,                0.02377,               0.010926,               0.025291,              0.0040073,               0.008812,               0.008812,               0.008812
                     26,               0.027519,               0.011879,               0.034416,              0.0034079,                0.94018,                0.94805,                0.97086,                0.76015,                0.92029,                0.92766,                 0.9375,                0.72728,               0.020042,              0.0097237,               0.022343,              0.0042137,              0.0087625,              0.0087625,              0.0087625
                     27,               0.026575,               0.012234,               0.033189,              0.0035997,                0.95169,                0.93309,                0.96844,                0.70521,                0.92487,                 0.9074,                0.92353,                0.69616,               0.022858,              0.0094538,               0.022416,              0.0043072,               0.008713,               0.008713,               0.008713
                     28,               0.027802,               0.012492,               0.033017,              0.0032376,                0.96664,                0.93111,                0.97815,                0.69623,                0.95238,                0.91815,                0.94911,                0.70627,               0.026089,              0.0092478,               0.022248,              0.0018731,              0.0086635,              0.0086635,              0.0086635
                     29,               0.028691,               0.011743,               0.033537,              0.0030867,                0.94933,                0.94679,                0.97736,                0.67981,                0.92788,                0.92745,                0.94432,                0.68206,               0.024145,              0.0091546,               0.022661,              0.0019288,               0.008614,               0.008614,               0.008614
                     30,               0.027607,               0.011453,               0.035145,              0.0027006,                0.96287,                 0.9443,                0.97735,                0.77058,                 0.9622,                0.91758,                0.95088,                0.71466,               0.022132,              0.0091205,               0.021643,              0.0018516,              0.0085645,              0.0085645,              0.0085645
                     31,               0.028916,               0.011544,               0.035326,              0.0026122,                0.88745,                0.95112,                0.97661,                0.77563,                0.86961,                0.95042,                0.95927,                0.72735,               0.024672,              0.0090423,               0.022622,              0.0017839,               0.008515,               0.008515,               0.008515
                     32,               0.028586,               0.011588,                0.03081,              0.0024822,                0.97295,                0.93402,                 0.9762,                0.71182,                0.96874,                0.92856,                0.95873,                0.76743,               0.020829,              0.0095194,                0.02065,              0.0018317,              0.0084655,              0.0084655,              0.0084655
                     33,               0.028034,                0.01125,               0.030755,              0.0026684,                0.98078,                0.93318,                0.97751,                 0.7205,                0.95899,                0.91787,                0.95136,                0.70241,               0.026276,              0.0089313,               0.023367,              0.0015973,               0.008416,               0.008416,               0.008416
                     34,               0.026016,               0.011232,               0.031148,              0.0033828,                0.97157,                0.94315,                0.98141,                0.67068,                0.97451,                0.92837,                0.96499,                0.78184,               0.021923,              0.0089656,               0.021013,              0.0019386,              0.0083665,              0.0083665,              0.0083665
                     35,               0.026129,               0.011346,               0.031547,              0.0023737,                0.98659,                0.95727,                0.98553,                0.72839,                0.97292,                0.94511,                 0.9654,                0.76806,               0.020371,              0.0091022,               0.020579,              0.0021287,               0.008317,               0.008317,               0.008317
                     36,               0.027282,               0.011936,               0.031915,              0.0020526,                0.97271,                0.96062,                0.98595,                0.74622,                0.97132,                0.93046,                 0.9622,                0.75782,               0.019721,              0.0093387,                0.02005,              0.0015852,              0.0082675,              0.0082675,              0.0082675
                     37,               0.025953,               0.011875,               0.031324,              0.0024955,                0.98691,                0.94511,                0.98575,                0.73244,                0.96739,                0.94695,                0.96752,                0.77695,               0.020109,              0.0091517,               0.020766,              0.0020299,               0.008218,               0.008218,               0.008218
                     38,               0.026461,               0.011448,                0.03092,              0.0025081,                 0.9681,                0.92063,                0.96422,                0.77742,                0.96256,                0.89898,                0.94168,                0.72873,               0.019837,               0.010289,                0.02147,              0.0032341,              0.0081685,              0.0081685,              0.0081685
                     39,               0.024831,               0.011667,               0.033981,              0.0023653,                0.98795,                0.94196,                0.98239,                0.75443,                 0.9793,                0.93464,                0.96804,                0.77603,               0.020681,               0.008798,               0.021578,              0.0014404,               0.008119,               0.008119,               0.008119
                     40,               0.024465,               0.011193,               0.032926,              0.0020369,                0.97958,                0.95478,                0.98123,                0.78447,                0.96791,                0.94445,                0.96555,                0.74069,               0.019953,              0.0090014,               0.020627,              0.0014676,              0.0080695,              0.0080695,              0.0080695
                     41,               0.023665,               0.011751,               0.031624,              0.0019321,                0.98361,                0.95454,                 0.9828,                0.75867,                0.97538,                0.94721,                 0.9714,                0.77216,               0.019205,              0.0090158,                0.02101,              0.0014646,                0.00802,                0.00802,                0.00802
                     42,               0.023172,               0.011355,               0.031681,              0.0020599,                0.98206,                0.94924,                0.98264,                0.70986,                0.94967,                0.92677,                0.94226,                0.68009,               0.023703,              0.0089496,               0.020767,              0.0014834,              0.0079705,              0.0079705,              0.0079705
                     43,               0.022739,               0.010824,                0.02997,              0.0022198,                0.98469,                0.95178,                0.98334,                0.74592,                0.97308,                0.93986,                0.96377,                0.72768,               0.019305,              0.0088699,                0.02089,              0.0016079,               0.007921,               0.007921,               0.007921
                     44,                0.02328,               0.010633,               0.030123,              0.0021829,                0.98412,                0.94241,                0.98363,                0.79188,                0.96986,                 0.9365,                0.96186,                0.74988,               0.019068,              0.0089098,               0.019613,              0.0017363,              0.0078715,              0.0078715,              0.0078715
                     45,               0.024862,               0.010755,               0.030149,              0.0018443,                0.98402,                0.96034,                0.98495,                0.77418,                0.94437,                 0.9255,                0.91677,                0.70819,               0.018829,              0.0086547,               0.019753,              0.0014486,               0.007822,               0.007822,               0.007822
                     46,               0.023711,               0.011269,               0.031186,              0.0018811,                0.98553,                0.95279,                0.98442,                0.76524,                0.97641,                0.93969,                0.96462,                0.73498,               0.018935,               0.008598,               0.020028,              0.0012325,              0.0077725,              0.0077725,              0.0077725
                     47,               0.023879,               0.011051,               0.029368,              0.0016567,                0.96139,                0.95878,                0.98261,                0.77556,                0.95448,                 0.9522,                0.97162,                0.75045,               0.021173,              0.0086959,               0.020699,              0.0015884,               0.007723,               0.007723,               0.007723
                     48,               0.024515,               0.011235,               0.031607,              0.0021008,                0.98047,                0.95347,                0.98542,                0.74787,                0.97279,                 0.9471,                0.96942,                0.77206,               0.020918,              0.0089364,               0.020701,              0.0014868,              0.0076735,              0.0076735,              0.0076735
                     49,               0.023494,               0.010992,               0.031146,              0.0023146,                 0.9669,                0.94093,                  0.977,                0.77724,                 0.9467,                0.91862,                0.94318,                0.73748,               0.016915,              0.0089635,               0.021013,              0.0032125,               0.007624,               0.007624,               0.007624
                     50,               0.021133,               0.010936,               0.031037,              0.0018945,                0.99061,                 0.9601,                0.98684,                0.78319,                0.98127,                 0.9516,                0.96658,                 0.7795,               0.016745,              0.0086856,               0.019292,              0.0013151,              0.0075745,              0.0075745,              0.0075745
                     51,               0.021301,               0.011331,               0.029529,              0.0020488,                0.98783,                 0.9614,                  0.985,                0.77275,                0.98337,                0.95165,                0.96506,                0.77445,               0.019425,              0.0090645,                0.02015,              0.0012987,               0.007525,               0.007525,               0.007525
                     52,               0.022647,               0.011047,               0.029901,              0.0020329,                0.99049,                0.96277,                0.98846,                0.81707,                0.97951,                0.93778,                0.96756,                0.75953,               0.015255,              0.0088033,               0.017796,              0.0013789,              0.0074755,              0.0074755,              0.0074755
                     53,               0.021754,               0.011337,               0.030402,              0.0016749,                0.98792,                0.96121,                0.98756,                0.79953,                0.97916,                0.95122,                0.96606,                0.74673,               0.018303,              0.0088533,               0.019858,               0.001261,               0.007426,               0.007426,               0.007426
                     54,               0.021631,               0.011029,               0.029206,              0.0018779,                0.98855,                0.95372,                 0.9864,                0.80602,                0.98321,                0.94906,                0.97692,                0.76915,               0.016226,               0.008762,               0.018593,              0.0012851,              0.0073765,              0.0073765,              0.0073765
                     55,               0.020581,               0.011215,               0.028237,              0.0018408,                0.98576,                0.94121,                0.98273,                0.81304,                0.94831,                0.94918,                0.95938,                  0.732,               0.016104,              0.0092328,               0.019971,              0.0026934,               0.007327,               0.007327,               0.007327
                     56,               0.020811,               0.010932,               0.028394,              0.0014425,                0.98262,                0.94671,                0.98616,                0.80681,                0.96072,                0.93206,                0.95723,                0.75196,               0.019011,              0.0092069,                0.02016,              0.0017683,              0.0072775,              0.0072775,              0.0072775
                     57,               0.021123,               0.011825,               0.028113,              0.0020088,                0.98029,                0.95598,                0.98384,                0.79169,                0.97266,                0.94342,                0.96263,                0.76265,               0.016483,              0.0090637,               0.018263,              0.0025353,               0.007228,               0.007228,               0.007228
                     58,               0.020323,               0.011467,               0.029379,              0.0020956,                0.97416,                0.95844,                0.98546,                0.80803,                0.96701,                0.94562,                0.95656,                0.74424,               0.016244,              0.0090328,               0.018783,              0.0017619,              0.0071785,              0.0071785,              0.0071785
                     59,               0.018075,                0.01106,               0.027601,              0.0022538,                0.97328,                0.96943,                0.98741,                0.78802,                0.97451,                0.93389,                0.96002,                0.71635,               0.018623,              0.0089185,               0.020372,              0.0015106,               0.007129,               0.007129,               0.007129
                     60,               0.021455,               0.011211,               0.027908,              0.0016058,                0.98212,                0.96912,                0.98781,                0.79962,                0.97902,                0.93595,                0.96618,                0.74017,               0.018955,              0.0087532,               0.019307,              0.0013271,              0.0070795,              0.0070795,              0.0070795
                     61,               0.022182,               0.010713,               0.028469,              0.0016811,                0.98195,                0.96093,                0.98594,                0.80397,                0.96367,                0.94393,                 0.9593,                0.74038,               0.018215,              0.0085967,               0.019042,              0.0012827,                0.00703,                0.00703,                0.00703
                     62,               0.021197,               0.011493,               0.027929,              0.0017354,                0.98738,                0.94877,                0.98497,                0.80318,                0.98083,                0.93674,                0.96566,                0.75056,               0.017188,              0.0086827,               0.018095,              0.0016634,              0.0069805,              0.0069805,              0.0069805
                     63,               0.020649,               0.011152,               0.027451,              0.0016238,                0.98082,                 0.9591,                0.98992,                0.80377,                 0.9777,                0.93595,                0.96631,                0.73911,               0.019294,              0.0088596,               0.019694,              0.0017329,               0.006931,               0.006931,               0.006931
                     64,               0.020171,               0.010982,               0.026238,              0.0016054,                 0.9705,                0.97432,                0.98973,                 0.8357,                0.98041,                0.93354,                 0.9652,                0.76481,               0.016493,              0.0089367,               0.018678,              0.0021419,              0.0068815,              0.0068815,              0.0068815
                     65,               0.020576,               0.010898,               0.026666,              0.0016376,                0.98687,                0.95434,                0.98216,                0.76973,                0.97136,                0.94038,                0.95856,                0.70807,               0.017539,              0.0086826,               0.018375,              0.0012205,               0.006832,               0.006832,               0.006832
                     66,               0.019351,               0.010465,               0.027741,              0.0019091,                0.98894,                0.96943,                 0.9886,                0.83003,                0.97796,                0.95844,                0.96809,                0.78316,               0.013783,              0.0086023,               0.017534,               0.001097,              0.0067825,              0.0067825,              0.0067825
                     67,               0.018549,               0.010559,               0.027272,              0.0015123,                 0.9954,                0.95466,                0.98779,                 0.8273,                0.98911,                0.94917,                0.97516,                0.77395,               0.015304,              0.0085757,               0.017915,              0.0010571,               0.006733,               0.006733,               0.006733
                     68,                0.01956,               0.010211,               0.027471,              0.0014148,                0.99106,                0.95295,                0.98685,                0.82773,                0.97931,                0.94262,                0.96711,                0.73758,               0.015355,              0.0086496,               0.018416,               0.000993,              0.0066835,              0.0066835,              0.0066835
                     69,               0.019854,                0.01078,               0.027652,              0.0015872,                 0.9851,                0.96394,                0.98528,                0.82564,                0.96991,                0.94995,                0.96883,                0.72875,                0.01587,              0.0087204,               0.018271,              0.0011173,               0.006634,               0.006634,               0.006634
                     70,               0.020325,               0.011302,                0.02576,              0.0015366,                0.98637,                0.95501,                0.98732,                0.81256,                0.96481,                0.95096,                0.96154,                0.73199,               0.015886,              0.0085509,               0.018709,              0.0020377,              0.0065845,              0.0065845,              0.0065845
                     71,               0.019564,               0.010586,               0.026352,              0.0013919,                0.97904,                0.95465,                 0.9877,                 0.8467,                0.96843,                0.94702,                 0.9766,                 0.7594,               0.014373,              0.0086195,               0.017585,              0.0024772,               0.006535,               0.006535,               0.006535
                     72,               0.019254,               0.010737,               0.026742,              0.0011292,                0.97579,                 0.9676,                0.98782,                 0.8375,                 0.9685,                0.96028,                0.97467,                0.77002,               0.014726,              0.0085857,               0.017295,             0.00085341,              0.0064855,              0.0064855,              0.0064855
                     73,               0.019702,               0.010633,               0.026436,              0.0014722,                0.96788,                0.97036,                0.98862,                0.81689,                0.95987,                0.96117,                0.97555,                0.76336,                0.01836,              0.0085598,               0.018861,              0.0015071,               0.006436,               0.006436,               0.006436
                     74,               0.019163,               0.010518,               0.026568,              0.0015323,                0.98979,                0.96474,                 0.9884,                0.81432,                0.96671,                0.95727,                0.97144,                0.79417,               0.014754,               0.008418,               0.017103,              0.0010346,              0.0063865,              0.0063865,              0.0063865
                     75,               0.017653,               0.011061,               0.026067,              0.0014817,                0.97446,                0.97859,                0.98867,                0.84322,                0.97016,                0.96109,                 0.9725,                0.78104,               0.014233,              0.0086073,               0.017338,             0.00095827,               0.006337,               0.006337,               0.006337
                     76,                0.01779,               0.010461,               0.025806,              0.0013898,                0.98684,                0.98355,                0.98981,                0.82547,                0.97265,                0.96907,                0.98116,                0.79231,               0.014226,              0.0084138,               0.017237,             0.00095578,              0.0062875,              0.0062875,              0.0062875
                     77,               0.017926,               0.010367,               0.026118,              0.0014505,                0.98764,                0.97493,                0.98829,                0.84727,                   0.98,                 0.9646,                0.97863,                0.78754,               0.013038,              0.0085144,               0.016343,             0.00091949,               0.006238,               0.006238,               0.006238
                     78,               0.018576,               0.010359,                0.02681,              0.0013142,                0.99315,                0.96211,                0.98875,                0.85788,                0.98687,                0.94863,                0.97239,                0.76714,               0.013709,              0.0085278,               0.017072,             0.00088543,              0.0061885,              0.0061885,              0.0061885
                     79,               0.018317,               0.010548,               0.026722,              0.0012052,                0.98688,                0.97154,                0.98996,                0.86426,                0.97659,                0.96752,                0.97352,                0.77875,               0.013016,              0.0084584,               0.016821,             0.00088307,               0.006139,               0.006139,               0.006139
                     80,               0.018133,               0.010423,               0.027317,              0.0011599,                0.98222,                0.96577,                0.98843,                0.84324,                0.97522,                 0.9591,                 0.9761,                0.76677,               0.014508,              0.0083961,               0.017097,             0.00083395,              0.0060895,              0.0060895,              0.0060895
                     81,               0.018842,               0.010705,               0.024724,              0.0011401,                0.98898,                0.95844,                0.98828,                0.83639,                0.97128,                0.94793,                0.96943,                0.78933,               0.015769,              0.0083815,               0.017935,              0.0008183,                0.00604,                0.00604,                0.00604
                     82,               0.017785,               0.010413,               0.026201,              0.0011574,                0.98447,                 0.9731,                0.98943,                0.84935,                 0.9767,                0.96577,                0.97529,                0.76507,               0.015355,               0.008455,                0.01753,              0.0008291,              0.0059905,              0.0059905,              0.0059905
                     83,                 0.0166,               0.010308,               0.025813,              0.0014624,                0.99262,                0.97026,                0.99144,                0.84926,                0.98352,                0.96186,                0.98053,                0.78151,               0.013161,              0.0085696,               0.016526,              0.0009037,               0.005941,               0.005941,               0.005941
                     84,                0.01697,               0.011051,               0.023405,              0.0015916,                0.96799,                0.93464,                0.98507,                0.81773,                0.95877,                0.92125,                0.97123,                  0.741,               0.015669,              0.0093188,               0.018941,              0.0043541,              0.0058915,              0.0058915,              0.0058915
                     85,               0.017458,                0.01041,               0.026029,              0.0012253,                0.99397,                0.96381,                  0.989,                0.84097,                0.98589,                 0.9584,                0.97387,                 0.7495,               0.015221,              0.0085881,               0.017786,             0.00099276,               0.005842,               0.005842,               0.005842
                     86,               0.016972,               0.010751,                0.02601,               0.001191,                0.98934,                0.96502,                0.99003,                0.84642,                0.97718,                0.95408,                0.97084,                0.76916,               0.013944,               0.008475,               0.016788,             0.00090625,              0.0057925,              0.0057925,              0.0057925
                     87,               0.016967,               0.010507,               0.025209,               0.001223,                0.98568,                 0.9676,                0.98961,                0.86179,                0.97581,                0.95844,                0.97188,                  0.764,               0.014044,              0.0084864,               0.017285,             0.00082691,               0.005743,               0.005743,               0.005743
                     88,               0.016764,               0.010801,                0.02564,              0.0013484,                0.98175,                 0.9646,                 0.9863,                 0.8419,                0.97087,                0.95614,                0.97149,                0.78207,               0.012369,              0.0085515,               0.017052,              0.0010146,              0.0056935,              0.0056935,              0.0056935
                     89,                0.01663,               0.010728,               0.026293,              0.0013399,                0.98929,                0.97024,                0.99028,                0.85078,                0.97564,                 0.9646,                0.97555,                0.76507,               0.015334,              0.0083769,               0.017246,             0.00078023,               0.005644,               0.005644,               0.005644
                     90,               0.017141,               0.010216,               0.025523,              0.0011289,                0.97881,                0.97676,                0.99037,                 0.8571,                0.96652,                0.95661,                0.95832,                0.77841,               0.012884,              0.0084842,               0.016164,              0.0006716,              0.0055945,              0.0055945,              0.0055945
                     91,               0.016533,               0.010709,               0.024797,              0.0010336,                0.98197,                0.97294,                0.98879,                0.85463,                0.97647,                0.95661,                0.97096,                0.76118,               0.014519,              0.0084293,               0.016789,             0.00068828,               0.005545,               0.005545,               0.005545
                     92,               0.016519,                0.01048,               0.024172,              0.0013134,                0.98313,                0.98225,                0.99028,                0.84818,                0.96737,                0.97192,                0.97087,                0.74634,               0.013269,              0.0084264,               0.016366,             0.00077096,              0.0054955,              0.0054955,              0.0054955
                     93,               0.016419,               0.010781,               0.023875,              0.0011192,                0.98262,                0.98225,                0.99141,                0.86438,                0.97091,                0.96943,                0.97372,                0.76893,               0.013597,              0.0085399,               0.016754,             0.00081857,               0.005446,               0.005446,               0.005446
                     94,               0.015944,               0.010794,               0.024695,              0.0011037,                0.97785,                0.97859,                0.98978,                  0.858,                0.96469,                 0.9591,                0.96033,                0.76164,               0.011873,              0.0085347,               0.016085,             0.00078526,              0.0053965,              0.0053965,              0.0053965
                     95,               0.015394,               0.010626,               0.024044,              0.0012105,                0.98719,                0.97587,                0.99014,                0.86989,                0.97076,                 0.9591,                0.96565,                0.75586,               0.012177,              0.0085302,               0.016019,             0.00080206,               0.005347,               0.005347,               0.005347
                     96,               0.015231,               0.010285,               0.025207,              0.0011283,                0.99396,                0.96069,                0.98966,                0.87645,                0.97645,                 0.9449,                0.96263,                 0.7794,               0.011349,              0.0083826,               0.015586,             0.00076235,              0.0052975,              0.0052975,              0.0052975
                     97,               0.015816,               0.010219,               0.022351,             0.00098749,                0.98221,                0.97859,                0.99029,                0.85532,                0.96761,                0.94262,                0.95034,                0.76214,               0.012282,              0.0081857,               0.015473,             0.00067641,               0.005248,               0.005248,               0.005248
                     98,               0.015554,               0.010523,               0.023478,              0.0010505,                 0.9809,                0.97127,                 0.9894,                0.86635,                0.97119,                0.95729,                0.96446,                0.79279,               0.011569,              0.0082722,               0.015284,             0.00065643,              0.0051985,              0.0051985,              0.0051985
                     99,               0.015224,               0.010224,               0.025116,              0.0010846,                0.98361,                0.96394,                0.98821,                0.87181,                 0.9719,                0.94931,                0.96803,                0.77879,               0.011357,              0.0082557,               0.015875,             0.00072423,               0.005149,               0.005149,               0.005149
                    100,               0.014773,                0.01027,               0.024218,              0.0014083,                0.98029,                0.97438,                0.98917,                 0.8731,                0.96524,                0.96277,                0.96908,                0.77039,               0.013333,              0.0083625,               0.016508,             0.00087625,              0.0050995,              0.0050995,              0.0050995
                    101,               0.015632,               0.010477,               0.023836,              0.0010379,                0.99105,                0.96577,                0.99127,                  0.867,                0.97992,                0.95544,                0.97349,                0.75857,               0.012519,              0.0081063,               0.015984,             0.00068332,                0.00505,                0.00505,                0.00505
                    102,               0.015611,               0.011096,               0.025338,              0.0012187,                0.99374,                0.96524,                0.98939,                0.87134,                0.97575,                0.94882,                0.96318,                   0.77,               0.012364,              0.0083522,               0.015802,             0.00060767,              0.0050005,              0.0050005,              0.0050005
                    103,               0.014953,               0.010516,                0.02505,              0.0011381,                  0.992,                0.96529,                0.98932,                0.87653,                0.98198,                0.95662,                  0.978,                0.78357,               0.011264,              0.0082556,                0.01572,             0.00069634,               0.004951,               0.004951,               0.004951
                    104,               0.015037,               0.010046,               0.023513,             0.00099519,                0.98387,                0.97769,                 0.9878,                0.86327,                0.97218,                0.96472,                0.96577,                0.78203,               0.011577,              0.0085398,                0.01622,             0.00078194,              0.0049015,              0.0049015,              0.0049015
                    105,                0.01492,               0.010369,               0.023512,               0.001215,                0.98881,                0.97127,                0.98779,                0.87294,                0.97611,                0.95936,                0.96981,                0.78525,               0.010986,              0.0081716,               0.015094,             0.00074309,               0.004852,               0.004852,               0.004852
                    106,                0.01419,               0.010148,               0.023537,              0.0010328,                0.98634,                0.96211,                 0.9887,                0.88097,                0.97712,                0.95458,                0.97684,                0.77754,               0.011318,              0.0081782,               0.015819,              0.0006778,              0.0048025,              0.0048025,              0.0048025
                    107,                0.01409,               0.010215,               0.023578,             0.00096454,                0.97968,                 0.9731,                0.99069,                 0.8639,                0.98642,                0.94927,                0.97485,                0.80008,               0.012768,              0.0084684,               0.016207,             0.00070873,               0.004753,               0.004753,               0.004753
                    108,               0.014569,              0.0099485,               0.022638,              0.0010113,                0.99269,                0.96577,                 0.9913,                0.87353,                0.98525,                 0.9584,                0.97481,                0.79559,               0.010722,              0.0082196,               0.014966,             0.00066372,              0.0047035,              0.0047035,              0.0047035
                    109,               0.014824,               0.010131,                0.02433,              0.0010188,                0.99055,                0.96577,                0.98983,                0.87361,                0.98031,                0.95661,                0.97418,                 0.7989,               0.011313,              0.0081778,               0.015158,             0.00068177,               0.004654,               0.004654,               0.004654
                    110,               0.014977,               0.010132,               0.023754,             0.00086924,                0.98631,                0.97893,                0.98953,                0.86956,                0.96554,                0.96093,                0.96062,                0.76794,               0.010885,              0.0081363,               0.014994,             0.00060291,              0.0046045,              0.0046045,              0.0046045
                    111,               0.014905,               0.010286,               0.023014,              0.0008557,                0.99092,                0.97127,                0.98965,                0.88779,                 0.9799,                0.96093,                0.97006,                0.78507,               0.010172,              0.0082786,               0.014628,             0.00057111,               0.004555,               0.004555,               0.004555
                    112,               0.014499,               0.010337,               0.024511,             0.00085115,                 0.9944,                0.96539,                0.98941,                0.87757,                0.97041,                0.95995,                0.96752,                0.76211,               0.010965,              0.0082084,               0.014733,             0.00053731,              0.0045055,              0.0045055,              0.0045055
                    113,               0.014663,              0.0098146,               0.022308,             0.00090657,                0.98746,                0.98409,                0.99102,                0.87222,                0.97477,                0.97192,                0.96743,                0.79138,               0.011595,              0.0082438,               0.015136,             0.00055053,               0.004456,               0.004456,               0.004456
                    114,                 0.0143,               0.010372,               0.022811,              0.0010017,                0.98905,                0.98409,                0.99037,                0.88087,                0.98148,                0.97168,                0.97655,                0.77422,               0.011414,              0.0082809,               0.014884,             0.00060894,              0.0044065,              0.0044065,              0.0044065
                    115,               0.012918,               0.010148,               0.022639,              0.0008754,                0.98823,                0.98503,                 0.9906,                 0.8786,                 0.9771,                0.97489,                0.97617,                 0.8014,               0.010087,              0.0081358,               0.014469,             0.00066323,               0.004357,               0.004357,               0.004357
                    116,               0.013254,              0.0099925,               0.022354,             0.00095078,                0.98473,                0.97291,                0.98927,                0.87907,                0.97098,                0.95892,                0.96941,                0.78222,               0.011247,              0.0082037,               0.015083,              0.0005927,              0.0043075,              0.0043075,              0.0043075
                    117,                0.01372,               0.010044,               0.022795,             0.00090324,                0.98273,                0.98042,                0.99004,                0.88933,                0.97555,                0.96404,                0.96888,                0.78435,               0.010576,              0.0082605,               0.014836,               0.000603,               0.004258,               0.004258,               0.004258
                    118,               0.013211,               0.010291,               0.022464,             0.00085215,                0.98763,                0.97859,                0.98864,                0.88781,                0.98042,                0.96909,                0.97716,                0.78041,               0.011517,              0.0082739,               0.014879,             0.00054922,              0.0042085,              0.0042085,              0.0042085
                    119,               0.013624,               0.010082,               0.021323,              0.0009155,                0.98367,                0.98225,                0.98952,                0.88448,                0.97378,                 0.9731,                0.97735,                0.78724,               0.011064,                0.00829,                0.01478,             0.00050761,               0.004159,               0.004159,               0.004159
                    120,               0.013521,               0.010134,               0.022999,             0.00080698,                0.98426,                0.98254,                0.98986,                0.89186,                0.98186,                0.95844,                0.97288,                0.78141,                0.01038,              0.0083883,               0.014467,             0.00051983,              0.0041095,              0.0041095,              0.0041095
                    121,               0.013305,              0.0099613,               0.020795,             0.00088311,                0.98035,                0.98592,                0.99223,                0.88394,                0.97133,                0.96643,                0.97018,                0.78347,               0.010625,              0.0084191,               0.014805,             0.00056048,                0.00406,                0.00406,                0.00406
                    122,               0.013438,               0.010153,               0.021703,             0.00092644,                0.99187,                0.98775,                 0.9915,                0.87361,                0.97946,                0.97015,                0.97819,                 0.7772,               0.011919,              0.0081532,               0.014714,             0.00060318,              0.0040105,              0.0040105,              0.0040105
                    123,               0.013198,               0.010466,               0.022501,             0.00087198,                 0.9915,                0.98325,                0.99095,                0.88956,                0.97331,                0.96342,                0.97461,                0.77329,               0.010712,              0.0080559,               0.014257,             0.00062249,               0.003961,               0.003961,               0.003961
                    124,               0.012887,              0.0099661,               0.022031,              0.0009582,                 0.9936,                0.97363,                0.98828,                0.89239,                 0.9873,                0.95891,                0.97844,                0.77887,               0.010336,              0.0081555,               0.014212,             0.00055561,              0.0039115,              0.0039115,              0.0039115
                    125,               0.013432,               0.010171,                0.02215,             0.00078431,                 0.9893,                0.97602,                0.98951,                0.89528,                0.98049,                0.96761,                0.97754,                0.78551,              0.0094058,              0.0081432,               0.013639,             0.00050089,               0.003862,               0.003862,               0.003862
                    126,               0.013009,               0.010152,               0.021412,             0.00079212,                0.98603,                0.98592,                0.99067,                0.89743,                0.97252,                0.97375,                0.97385,                0.79467,              0.0097317,              0.0081594,               0.013832,             0.00048671,              0.0038125,              0.0038125,              0.0038125
                    127,               0.013122,              0.0099968,               0.020904,               0.000691,                0.98693,                0.97859,                0.99042,                0.89064,                0.98414,                0.96394,                0.97126,                0.79038,              0.0097757,              0.0081154,               0.013913,             0.00047721,               0.003763,               0.003763,               0.003763
                    128,               0.012777,               0.010084,               0.020716,             0.00059008,                0.98673,                0.98295,                 0.9917,                0.90027,                 0.9843,                   0.96,                0.97725,                0.79226,              0.0096926,              0.0082092,               0.013972,             0.00045226,              0.0037135,              0.0037135,              0.0037135
                    129,               0.013067,               0.010136,               0.022548,             0.00077279,                0.97922,                0.98042,                0.98971,                0.89825,                0.97665,                0.96457,                0.97738,                0.79176,              0.0096017,              0.0081532,               0.014253,             0.00045628,               0.003664,               0.003664,               0.003664
                    130,               0.012788,               0.010244,               0.021947,             0.00068123,                0.97912,                0.97859,                0.98913,                0.89939,                0.97047,                0.97009,                0.97722,                0.79228,              0.0098474,              0.0080641,               0.014141,              0.0004747,              0.0036145,              0.0036145,              0.0036145
                    131,               0.012093,               0.010074,               0.020967,              0.0007821,                0.97583,                0.98114,                0.98915,                0.89041,                 0.9679,                 0.9731,                0.97766,                0.78672,               0.010531,              0.0082466,                0.01445,             0.00052656,               0.003565,               0.003565,               0.003565
                    132,               0.012147,               0.010093,               0.021665,              0.0008538,                0.98524,                0.98081,                0.99006,                0.89271,                0.97481,                0.96892,                0.97745,                 0.7913,              0.0097357,              0.0080752,               0.013964,             0.00054472,              0.0035155,              0.0035155,              0.0035155
                    133,               0.012263,              0.0098932,               0.021341,             0.00082183,                0.99522,                0.98409,                0.99104,                0.89194,                0.98022,                0.96849,                0.97683,                0.77214,               0.010146,              0.0081217,                0.01469,             0.00052562,               0.003466,               0.003466,               0.003466
                    134,               0.012304,              0.0099829,               0.022072,             0.00070507,                0.99074,                0.98409,                0.99099,                0.90785,                0.98327,                0.97676,                0.97876,                0.78919,               0.010079,              0.0079653,                0.01432,              0.0004599,              0.0034165,              0.0034165,              0.0034165
                    135,               0.012302,               0.009611,               0.021237,              0.0006387,                  0.995,                0.98576,                0.99086,                0.88792,                0.98001,                0.97123,                0.97696,                0.77596,              0.0097918,              0.0079991,               0.013959,             0.00045796,               0.003367,               0.003367,               0.003367
                    136,               0.012113,                0.01004,               0.021586,             0.00086799,                0.99763,                0.96683,                0.99167,                0.90542,                0.98963,                 0.9595,                 0.9778,                0.79544,              0.0092765,              0.0081762,               0.013631,             0.00046678,              0.0033175,              0.0033175,              0.0033175
                    137,               0.012039,              0.0096205,               0.019903,             0.00076394,                0.98244,                0.97161,                0.98998,                0.88482,                0.97991,                0.94705,                0.96915,                0.77223,               0.010803,              0.0083736,               0.014573,             0.00053739,               0.003268,               0.003268,               0.003268
                    138,               0.012252,               0.010113,                0.02112,             0.00068026,                0.98242,                0.97642,                0.98955,                0.89203,                0.97456,                0.96791,                0.97677,                0.79173,              0.0096912,               0.008282,               0.014198,              0.0011456,              0.0032185,              0.0032185,              0.0032185
                    139,               0.011472,              0.0097636,               0.019842,             0.00092692,                0.99186,                0.98114,                0.99084,                0.90317,                0.97937,                0.96951,                 0.9745,                0.78127,              0.0092333,              0.0080512,               0.013865,             0.00046034,               0.003169,               0.003169,               0.003169
                    140,               0.011639,              0.0098087,               0.021275,             0.00074432,                 0.9903,                0.97421,                0.98851,                0.90479,                0.96771,                0.97841,                0.97725,                0.79271,              0.0088529,              0.0080377,                0.01347,               0.000462,              0.0031195,              0.0031195,              0.0031195
                    141,               0.011788,               0.010976,               0.019991,             0.00066692,                 0.9957,                0.97484,                0.99229,                0.90199,                0.98743,                 0.9676,                0.97858,                0.80707,              0.0093362,              0.0080946,               0.013614,             0.00046831,                0.00307,                0.00307,                0.00307
                    142,               0.011845,               0.010049,                0.02158,             0.00064382,                0.98963,                0.98394,                0.99008,                0.91313,                0.97737,                0.97274,                0.97945,                0.80562,              0.0088712,               0.008119,               0.013354,              0.0004207,              0.0030205,              0.0030205,              0.0030205
                    143,               0.011425,               0.010077,               0.021069,             0.00069261,                0.98763,                0.98367,                0.99136,                0.90831,                0.97602,                0.97211,                0.97826,                0.80112,              0.0089254,              0.0081671,               0.013482,              0.0004023,               0.002971,               0.002971,               0.002971
                    144,               0.011767,               0.010289,               0.020649,             0.00056667,                0.98043,                0.98752,                0.99061,                 0.9028,                0.98149,                0.95361,                0.97631,                0.78553,              0.0098127,              0.0081802,               0.014264,              0.0004496,              0.0029215,              0.0029215,              0.0029215
                    145,                0.01189,                0.01035,                 0.0204,             0.00054337,                 0.9944,                  0.973,                0.99097,                0.90953,                 0.9866,                0.96571,                0.97604,                0.79052,              0.0089931,              0.0080505,               0.013362,             0.00036523,               0.002872,               0.002872,               0.002872
                    146,               0.011264,               0.010057,               0.020536,             0.00058081,                0.98937,                0.98775,                0.99154,                0.90532,                0.97491,                 0.9731,                0.97768,                0.78911,              0.0097136,              0.0080305,               0.013619,              0.0003642,              0.0028225,              0.0028225,              0.0028225
                    147,               0.010926,              0.0098522,               0.019861,             0.00064817,                0.99115,                0.98143,                0.99153,                0.90775,                 0.9872,                 0.9652,                0.97808,                0.78992,               0.008758,              0.0080752,               0.012992,              0.0003637,               0.002773,               0.002773,               0.002773
                    148,               0.010336,              0.0096965,               0.019012,             0.00082346,                0.99446,                0.98042,                0.99129,                0.91222,                0.97955,                0.96577,                0.97776,                0.79775,              0.0087166,              0.0079494,               0.013565,             0.00035834,              0.0027235,              0.0027235,              0.0027235
                    149,               0.010884,              0.0097347,               0.019277,             0.00062763,                0.98653,                0.98592,                0.99089,                0.90681,                 0.9777,                0.97742,                0.98277,                0.79451,              0.0089419,              0.0079686,               0.013128,             0.00036251,               0.002674,               0.002674,               0.002674
                    150,               0.010689,              0.0098188,               0.019764,             0.00062567,                0.98657,                0.98398,                0.99076,                0.90903,                0.97614,                0.97365,                0.97957,                0.79966,              0.0086466,              0.0080614,               0.013148,             0.00035931,              0.0026245,              0.0026245,              0.0026245
                    151,               0.011097,              0.0095958,               0.019535,             0.00055262,                0.98168,                0.98779,                0.99066,                0.91109,                0.97217,                0.97817,                0.97952,                0.80907,              0.0086149,              0.0080659,               0.012754,             0.00035923,               0.002575,               0.002575,               0.002575
                    152,               0.010788,              0.0099624,               0.019678,             0.00059313,                0.98678,                0.98476,                0.99104,                0.91344,                0.97877,                0.97559,                0.97925,                0.79493,               0.008635,              0.0080247,               0.012718,             0.00034396,              0.0025255,              0.0025255,              0.0025255
                    153,                0.01073,              0.0094898,               0.020726,             0.00049052,                0.99127,                0.98592,                0.99069,                0.91098,                0.98006,                0.97559,                0.97871,                0.79126,              0.0086118,              0.0079791,               0.013102,              0.0003292,               0.002476,               0.002476,               0.002476
                    154,               0.010261,                0.00994,               0.019372,             0.00080514,                0.98159,                0.98958,                 0.9912,                0.91503,                0.98669,                0.96169,                0.97825,                 0.7891,              0.0085298,              0.0080007,               0.012825,             0.00032176,              0.0024265,              0.0024265,              0.0024265
                    155,              0.0099961,               0.010091,                0.01859,             0.00048574,                0.98831,                 0.9829,                0.99057,                0.91579,                0.97769,                0.96881,                0.97546,                0.79141,               0.008611,              0.0081654,               0.013007,             0.00033731,               0.002377,               0.002377,               0.002377
                    156,               0.010089,              0.0098126,               0.018572,             0.00053476,                0.98958,                0.98042,                0.99141,                0.91698,                0.98014,                0.96826,                  0.979,                0.79404,              0.0087407,              0.0080089,               0.012963,             0.00031989,              0.0023275,              0.0023275,              0.0023275
                    157,               0.010317,              0.0099435,               0.019643,             0.00046972,                0.98328,                0.98867,                0.99144,                0.92205,                0.98327,                0.97859,                0.97998,                0.78994,              0.0084339,              0.0080193,               0.012474,             0.00032431,               0.002278,               0.002278,               0.002278
                    158,               0.010182,              0.0097687,               0.018783,             0.00046792,                0.98866,                0.98363,                0.99135,                0.92215,                0.97766,                0.97649,                0.97945,                0.80038,              0.0084177,              0.0080032,               0.012456,             0.00032113,              0.0022285,              0.0022285,              0.0022285
                    159,               0.010268,              0.0099994,               0.017896,             0.00054977,                 0.9967,                0.98042,                0.99313,                0.92172,                0.97805,                0.97297,                0.97981,                0.79032,              0.0084358,              0.0078835,               0.012474,             0.00031448,               0.002179,               0.002179,               0.002179
                    160,               0.010067,              0.0097386,               0.018778,             0.00056082,                0.99746,                0.98014,                0.99321,                0.92418,                0.98498,                0.96826,                0.97942,                0.79608,              0.0082749,              0.0079618,               0.012691,             0.00030375,              0.0021295,              0.0021295,              0.0021295
                    161,               0.010013,              0.0096074,               0.019129,             0.00049241,                0.99004,                0.98352,                0.99279,                0.91894,                0.98217,                0.97368,                0.98412,                0.78923,              0.0082908,              0.0079828,               0.012892,             0.00028676,                0.00208,                0.00208,                0.00208
                    162,              0.0097569,              0.0095551,               0.018669,              0.0004515,                0.98781,                0.98584,                 0.9904,                0.92219,                0.97544,                0.97192,                0.97862,                0.79241,              0.0081417,              0.0079683,               0.012764,             0.00027581,              0.0020305,              0.0020305,              0.0020305
                    163,              0.0097109,              0.0098285,               0.019991,             0.00044173,                0.98783,                0.98425,                0.99171,                0.92926,                0.98164,                 0.9646,                0.97847,                0.79888,              0.0079647,              0.0078686,               0.012557,             0.00027995,               0.001981,               0.001981,               0.001981
                    164,              0.0097076,              0.0097907,               0.017675,             0.00056583,                0.99813,                0.97493,                 0.9909,                0.92685,                0.98896,                0.96515,                0.97956,                0.79824,              0.0080701,              0.0078663,               0.012253,             0.00028412,              0.0019315,              0.0019315,              0.0019315
                    165,              0.0093569,              0.0096741,               0.017764,             0.00037073,                0.99139,                0.97837,                0.99086,                0.92432,                0.98092,                0.97601,                0.97955,                0.79573,                0.00823,              0.0078255,               0.012216,             0.00027346,               0.001882,               0.001882,               0.001882
                    166,              0.0095554,              0.0095697,               0.018739,             0.00051756,                0.99241,                0.97633,                0.99083,                0.91847,                0.98108,                0.97192,                0.98003,                0.78753,              0.0081637,              0.0078951,               0.012375,             0.00026741,              0.0018325,              0.0018325,              0.0018325
                    167,              0.0094475,              0.0096073,               0.017367,             0.00039246,                0.99746,                0.97778,                0.99043,                0.92327,                0.98783,                 0.9688,                0.97968,                0.79089,              0.0080783,               0.007904,               0.012348,             0.00025687,               0.001783,               0.001783,               0.001783
                    168,              0.0093189,              0.0098957,               0.019394,             0.00044343,                 0.9877,                0.98678,                0.98937,                0.92203,                0.99122,                 0.9676,                0.97975,                0.79033,              0.0083059,              0.0078462,               0.012315,             0.00025395,              0.0017335,              0.0017335,              0.0017335
                    169,              0.0094392,              0.0098794,               0.018075,             0.00048938,                0.99417,                0.97987,                 0.9904,                0.92514,                0.98451,                0.97206,                0.98004,                0.79574,               0.008065,              0.0078146,               0.012183,             0.00026053,               0.001684,               0.001684,               0.001684
                    170,              0.0090993,              0.0096458,               0.017993,             0.00043671,                0.99323,                0.98042,                 0.9892,                0.92074,                 0.9762,                0.98127,                0.97971,                0.79192,                0.00814,              0.0078172,               0.012299,             0.00026326,              0.0016345,              0.0016345,              0.0016345
                    171,              0.0091137,              0.0096064,               0.017072,             0.00044524,                0.98997,                0.98042,                0.99134,                0.92599,                0.98293,                0.96986,                0.97969,                0.79772,              0.0079548,              0.0078913,               0.012249,             0.00026462,               0.001585,               0.001585,               0.001585
                    172,              0.0087818,              0.0099264,               0.018497,             0.00036164,                0.98943,                0.97958,                0.99112,                0.92008,                0.98082,                0.96824,                0.97894,                0.79291,                0.00785,              0.0079055,               0.012377,             0.00025549,              0.0015355,              0.0015355,              0.0015355
                    173,              0.0088774,              0.0097266,               0.017312,             0.00048346,                0.98949,                0.98466,                0.99122,                0.92767,                0.98208,                0.97774,                 0.9796,                0.79817,              0.0076642,              0.0078201,               0.012177,             0.00025027,               0.001486,               0.001486,               0.001486
                    174,              0.0086532,              0.0094272,               0.018203,             0.00039795,                0.98432,                0.98592,                0.99137,                0.92641,                0.97891,                0.97408,                0.97835,                0.79843,              0.0077822,              0.0077616,               0.012082,             0.00023092,              0.0014365,              0.0014365,              0.0014365
                    175,              0.0087516,              0.0097569,               0.017617,             0.00045131,                0.98946,                0.98527,                0.99094,                0.93134,                0.98098,                0.97913,                0.97975,                0.79942,              0.0077376,              0.0078345,                0.01197,             0.00021898,               0.001387,               0.001387,               0.001387
                    176,              0.0085251,              0.0096035,               0.017669,             0.00039615,                0.98699,                0.98279,                0.99058,                0.93403,                0.97842,                0.97429,                0.97947,                0.80174,              0.0077774,              0.0077956,                0.01202,             0.00021529,              0.0013375,              0.0013375,              0.0013375
                    177,              0.0087607,              0.0097445,               0.016862,             0.00048149,                0.99048,                0.98225,                0.99098,                0.93093,                0.98011,                0.96826,                0.97939,                0.80105,              0.0077569,              0.0079058,                0.01206,             0.00021446,               0.001288,               0.001288,               0.001288
                    178,              0.0085853,              0.0098608,               0.017594,             0.00033999,                0.99318,                0.98592,                0.99173,                 0.9305,                0.97972,                0.97375,                 0.9797,                0.79929,              0.0078298,              0.0079584,               0.011942,             0.00021279,              0.0012385,              0.0012385,              0.0012385
                    179,              0.0083371,              0.0093307,               0.017222,             0.00053116,                0.98709,                0.98592,                0.99142,                0.92882,                0.98513,                0.96643,                0.97991,                0.79453,              0.0078661,              0.0078791,               0.012016,              0.0002125,               0.001189,               0.001189,               0.001189
                    180,              0.0085221,              0.0096902,               0.016768,              0.0004208,                0.99079,                0.98203,                0.99148,                0.93188,                0.98393,                0.96643,                0.97981,                 0.7992,              0.0079771,              0.0078416,               0.011946,             0.00020986,              0.0011395,              0.0011395,              0.0011395
                    181,              0.0083707,              0.0096619,               0.016964,             0.00042409,                0.99484,                0.98409,                0.98912,                0.93283,                0.98261,                0.97114,                0.97994,                0.79275,              0.0076323,              0.0078946,               0.011779,              0.0002019,                0.00109,                0.00109,                0.00109
                    182,                0.00826,              0.0094151,               0.016539,             0.00038064,                0.99526,                0.98359,                0.99099,                0.92881,                0.98523,                 0.9735,                0.98009,                0.79291,              0.0075957,              0.0078113,               0.012048,             0.00019872,              0.0010405,              0.0010405,              0.0010405
                    183,              0.0081137,              0.0094093,               0.017256,             0.00046208,                0.99195,                0.98592,                0.98926,                0.92665,                0.98524,                0.97368,                0.98051,                0.79419,              0.0074822,               0.007771,               0.011775,             0.00019163,               0.000991,               0.000991,               0.000991
                    184,              0.0081476,              0.0094251,               0.016864,             0.00033129,                0.99568,                0.98727,                0.99049,                0.92898,                0.98519,                  0.977,                0.98051,                 0.7966,              0.0074953,              0.0078797,               0.011957,             0.00019534,              0.0009415,              0.0009415,              0.0009415
                    185,               0.008111,              0.0092153,               0.015529,             0.00088302,                0.99213,                0.98958,                0.99121,                0.93347,                0.97879,                0.97742,                0.98056,                0.79889,              0.0075413,              0.0077675,               0.011751,             0.00018514,               0.000892,               0.000892,               0.000892
                    186,              0.0082309,              0.0096378,               0.017683,             0.00031717,                0.99026,                0.98409,                0.99148,                0.93419,                0.98113,                0.97559,                0.98062,                0.79449,              0.0074073,              0.0077343,               0.011837,             0.00017435,              0.0008425,              0.0008425,              0.0008425
                    187,               0.007801,               0.009187,               0.016153,             0.00026949,                 0.9995,                0.97108,                0.99089,                0.93347,                0.97917,                  0.972,                0.98024,                0.79902,              0.0072026,              0.0076974,                0.01169,             0.00016999,               0.000793,               0.000793,               0.000793
                    188,              0.0077992,              0.0094826,               0.016225,              0.0003766,                 0.9995,                0.97288,                0.99098,                0.93006,                 0.9916,                0.96556,                0.98007,                0.79964,              0.0073829,              0.0078026,               0.011777,             0.00016221,              0.0007435,              0.0007435,              0.0007435
                    189,              0.0079449,              0.0096431,               0.017493,             0.00034982,                0.99339,                0.98409,                0.99121,                 0.9322,                0.98547,                0.97559,                0.97993,                0.80013,               0.007385,              0.0077753,               0.011658,             0.00015314,               0.000694,               0.000694,               0.000694
                    190,              0.0079141,              0.0095659,               0.015733,             0.00028349,                0.99508,                0.98393,                0.99124,                0.93581,                0.98577,                0.97375,                0.97984,                0.79916,              0.0073438,              0.0077974,               0.011486,             0.00014842,              0.0006445,              0.0006445,              0.0006445
                    191,              0.0076327,              0.0090018,               0.015459,             0.00025828,                0.99402,                0.98592,                0.99121,                0.93688,                 0.9858,                0.97805,                0.97995,                0.79562,              0.0072663,              0.0077197,                 0.0114,              0.0001438,               0.000595,               0.000595,               0.000595
                    192,              0.0078721,              0.0099169,               0.018114,             0.00028549,                0.98954,                0.98438,                0.99087,                0.93221,                0.98046,                0.97493,                0.97971,                0.79403,              0.0073781,              0.0077652,               0.011416,             0.00013929,              0.0005455,              0.0005455,              0.0005455
                    193,              0.0080949,              0.0095569,                0.01548,             0.00032575,                0.98723,                0.98225,                0.99105,                0.93986,                0.98028,                0.97537,                0.98006,                0.80185,              0.0073119,              0.0077574,               0.011338,             0.00013609,               0.000496,               0.000496,               0.000496
                    194,              0.0079122,              0.0098572,               0.015821,             0.00033026,                0.98793,                0.98225,                0.99128,                0.94166,                0.98112,                0.97589,                0.98014,                0.80078,              0.0072752,              0.0077567,                 0.0113,             0.00013603,              0.0004465,              0.0004465,              0.0004465
                    195,              0.0078468,              0.0095948,               0.017179,             0.00029125,                0.98784,                0.98347,                0.99129,                 0.9396,                0.98104,                0.97328,                0.97968,                0.80049,              0.0071856,              0.0077245,               0.011268,             0.00013347,               0.000397,               0.000397,               0.000397
                    196,               0.007732,              0.0093984,                0.01531,             0.00026522,                 0.9892,                0.98225,                0.99123,                0.94051,                0.98105,                0.97434,                0.97972,                0.79963,              0.0071567,              0.0077314,               0.011233,             0.00013218,              0.0003475,              0.0003475,              0.0003475
                    197,              0.0077222,              0.0096348,               0.016187,             0.00022859,                0.99333,                0.98022,                0.99123,                0.94109,                0.98458,                0.97184,                0.97982,                0.79983,              0.0071355,              0.0077862,               0.011169,             0.00012929,               0.000298,               0.000298,               0.000298
                    198,              0.0077426,              0.0091464,               0.015144,             0.00025368,                0.99157,                0.98253,                 0.9909,                0.94068,                0.97988,                0.97126,                0.97948,                0.79736,              0.0071466,              0.0078013,               0.011192,             0.00012704,              0.0002485,              0.0002485,              0.0002485
                    199,              0.0075265,              0.0094111,                0.01613,             0.00031092,                0.98617,                0.98737,                0.99097,                0.94171,                0.97772,                 0.9769,                0.97963,                0.79838,              0.0070916,              0.0077411,               0.011141,             0.00012601,               0.000199,               0.000199,               0.000199
                    200,                0.98784,                0.98237,                0.99128,                0.94154,                0.98112,                0.97606,                0.98015,                    0.8,              0.0072746,              0.0077569,                 0.0113,               0.000136
